;;;;;;;;;;;;;;;;;;x;;;;;;;;;;;;;;;;;;;;;;x;;;;
EVTDESC6669969;The Reichspakt to an complicated system of invitations into an economic union between you and them. This union is fragile and can be disolved by their relations falling below a certain threshold. Moreover, each country will give you a selection of modifiers, though each weak, will add up. In order to invite new members a relationship value of 180 needs to be achieved. It should be noted, while you have no limit on invites, each additional member will make it harder to invite new ones, due to your diplomatic and influences points being reduced based on various aspects of the country invited. Lastly, if war breaks out between you and an invited member, they will get an event that will end the war, but with an cut in relations. This will allow them to get an event to leave the pact, thus making them able to declare war on you again.;;;;;;;;;;;;;x;;;;;;;;;;;;;;;
EVTNAME6669969;The Reichspakt Explained;;;;;;;;;;;;;x;;;;;;;;;;;;;;;
EVTOPTA6669969;Okay I understand;;;;;;;;;;;;;x;;;;;;;;;;;;;;;
EVTDESC686868;It appears that one of our pact members has decided that this pact was not for them and left us. A sad day for us.;;;;;;;;;;;;;x;;;;;;;;;;;;;;;
EVTOPTA686868;Blast!;;;;;;;;;;;;;x;;;;;;;;;;;;;;;
EVTNAME686868;Pact Member Leaves;;;;;;;;;;;;;x;;;;;;;;;;;;;;;
EVTNAME700000;War with Reichspakt leader!;;;;;;;;;;;;;x;;;;;;;;;;;;;;;
EVTDESC700000;It appears we have stubbled into a war with Germany, who is the leader of the Reichspakt we are in, but due to our non-aggresion pact with them, be it for better or worse, prevents us form continuing this war.;;;;;;;;;;;;;x;;;;;;;;;;;;;;;
EVTOPTA700000;What will this mean for our cooperation with them?;;;;;;;;;;;;;x;;;;;;;;;;;;;;;
EVTNAME700069;They accept!;;;;;;;;;;;;;x;;;;;;;;;;;;;;;
EVTDESC700069;The country we have invited has accepted our offer to join our union!;;;;;;;;;;;;;x;;;;;;;;;;;;;;;
